state,name,place_id,google_maps_url,website,formatted_address,latitude,longitude,phone_number,scorecard_url,scorecard_source_page,scorecard_match_text
NC,Carolina Golf at Botany Woods,ChIJ0ZKH5yYsWIgRq8vidyP_fpo,https://maps.google.com/?cid=11132615856706735019&g_mp=CiVnb29nbGUubWFwcy5wbGFjZXMudjEuUGxhY2VzLkdldFBsYWNlEAIYBCAA,http://carolinagolfbw.com/,"1409 Edwards Rd, Greenville, SC 29615, USA",34.8887484,-82.3318508,(864) 244-6702,,,
NC,Grandover East Golf Course,ChIJ2VFK9y0RU4gRoZjpYphZt6U,https://maps.google.com/?cid=11941111448025536673&g_mp=CiVnb29nbGUubWFwcy5wbGFjZXMudjEuUGxhY2VzLkdldFBsYWNlEAIYBCAA,https://grandoverresort.com/golf/,"Greensboro, NC 27407, USA",35.993671,-79.8788529,,,,
VA,West Point Country Club,ChIJ2eyktkyVsIkRGtECwSMeNNE,https://maps.google.com/?cid=15074706991626768666&g_mp=CiVnb29nbGUubWFwcy5wbGFjZXMudjEuUGxhY2VzLkdldFBsYWNlEAIYBCAA,https://ccofwp.com/,"4200 Southern Ave, West Point, VA 23181, USA",37.5589449,-76.8263257,(804) 396-4394,,,
NC,Little River Condos/Ring The Pines,ChIJ34Pqb36yVIgR60ZpEbWcC_E,https://maps.google.com/?cid=17369148689379575531&g_mp=CiVnb29nbGUubWFwcy5wbGFjZXMudjEuUGxhY2VzLkdldFBsYWNlEAIYBCAA,http://www.littleriver.com/,"520 Little River Farm Blvd, Carthage, NC 28327, USA",35.272189,-79.42732149999999,(866) 994-7682,,,
VA,Victoria Golf Club,ChIJ3RClFNAXsokR8wWAjJo_jVE,https://maps.google.com/?cid=5876423021803079155&g_mp=CiVnb29nbGUubWFwcy5wbGFjZXMudjEuUGxhY2VzLkdldFBsYWNlEAIYBCAA,,"4086 Poorhouse Rd, Victoria, VA 23974, USA",36.99816380000001,-78.186892,(434) 696-7448,,,
VA,Fredericksburg Country Club,ChIJ43Fo5KvDtokRBOF1zn-irwU,https://maps.google.com/?cid=409724760922382596&g_mp=CiVnb29nbGUubWFwcy5wbGFjZXMudjEuUGxhY2VzLkdldFBsYWNlEAIYBCAA,http://www.fredclub.org/,"11031 Tidewater Trail, Fredericksburg, VA 22408, USA",38.2646746,-77.4270768,(540) 373-8781,https://www.fredclub.org/scorecard,http://www.fredclub.org/golf,Click here
,The Creek Golf Course at Hard Labor Creek,ChIJ496F7KPU9YgRD2OKv40tI4E,https://maps.google.com/?cid=9305331341904732943&g_mp=CiVnb29nbGUubWFwcy5wbGFjZXMudjEuUGxhY2VzLkdldFBsYWNlEAIYBCAA,https://gastateparks.org/TheCreek,"1400 Knox Chapel Rd, Social Circle, GA 30025, USA",33.6592668,-83.60986430000001,(706) 557-3006,,,
NC,Cateechee Hotel and Lodging â€“ Lake Hartwell,ChIJ5XsEewyAWIgRIfuJX7ZXXdU,https://maps.google.com/?cid=15374541143711284001&g_mp=CiVnb29nbGUubWFwcy5wbGFjZXMudjEuUGxhY2VzLkdldFBsYWNlEAIYBCAA,https://cateechee.com/accommondations/,"140 Cateechee Trail, Hartwell, GA 30643, USA",34.322509,-82.913038,(706) 856-4653,,,
NC,Ryder Golf Course @ Fort Bragg,ChIJ5bvOkSVqq4kRZZOgt6CmwEU,https://maps.google.com/?cid=5026200393351205733&g_mp=CiVnb29nbGUubWFwcy5wbGFjZXMudjEuUGxhY2VzLkdldFBsYWNlEAIYBCAA,https://liberty.armymwr.com/programs/fort-bragg-golf,"5625 Normandy Dr, Fayetteville, NC 28307, USA",35.1430656,-78.9903246,(910) 907-4653,,,
VA,Lee's Hill Golf Club,ChIJ66Wm0VDBtokRY6asjYIYwyM,https://maps.google.com/?cid=2576930360787773027&g_mp=CiVnb29nbGUubWFwcy5wbGFjZXMudjEuUGxhY2VzLkdldFBsYWNlEAIYBCAA,http://www.leeshillgc.com/,"10200 Old Dominion Pkwy Bldg, Fredericksburg, VA 22408, USA",38.2370096,-77.4794282,(540) 891-0111,http://www.leeshillgc.com/-yardage-book,http://www.leeshillgc.com/,Yardage Book
NC,Bear Lake Reserve Golf Club,ChIJ6UWcRXMOUYgRt-axG8nslZ4,https://maps.google.com/?cid=11427299978019727031&g_mp=CiVnb29nbGUubWFwcy5wbGFjZXMudjEuUGxhY2VzLkdldFBsYWNlEAIYBCAA,http://www.bearlakereserve.com/,"1540 Grandview Dr, Tuckasegee, NC 28783, USA",35.2211344,-83.0579465,(828) 293-5005,https://bearlakereserve.s3.us-east-2.amazonaws.com/Golf/BLR_250801_GolfScorecards_3.5x8_PRINT.pdf,http://www.bearlakereserve.com/golf,Scorecard
NC,Carolina Trace Country Club,ChIJ7yd-7lRfq4kRpgSrPaybttg,https://maps.google.com/?cid=15615839922025071782&g_mp=CiVnb29nbGUubWFwcy5wbGFjZXMudjEuUGxhY2VzLkdldFBsYWNlEAIYBCAA,https://www.carolinatracecc.com/,"2100 Country Club Dr, Sanford, NC 27332, USA",35.4132787,-79.1039564,(919) 499-5121,,,
NC,Tobacco Road Golf Course,ChIJ85Nr85pXq4kRFNpVYNKl49k,https://maps.google.com/?cid=15700575048921635348&g_mp=CiVnb29nbGUubWFwcy5wbGFjZXMudjEuUGxhY2VzLkdldFBsYWNlEAIYBCAA,https://tobaccoroadgolf.com/?utm_source=extnet&utm_medium=yext,"442 Tobacco Rd, Sanford, NC 27332, USA",35.397455199999996,-79.2136725,(877) 284-3762,,,
VA,More Golf,ChIJ8_ETtAHBtokRYiu_sxNwp0o,https://maps.google.com/?cid=5379391509839686498&g_mp=CiVnb29nbGUubWFwcy5wbGFjZXMudjEuUGxhY2VzLkdldFBsYWNlEAIYBCAA,https://moregolfswing.com/,"10813 Courthouse Rd STE 106, Fredericksburg, VA 22408, USA",38.251629799999996,-77.5036461,(866) 669-7888,,,
VA,Royal New Kent Golf Club,ChIJ9ZcceX7vsIkR7rMuUqizdIs,https://maps.google.com/?cid=10048854204085089262&g_mp=CiVnb29nbGUubWFwcy5wbGFjZXMudjEuUGxhY2VzLkdldFBsYWNlEAIYBCAA,http://royalnewkent.com/,"10100 Kent Field Rd, Providence Forge, VA 23140, USA",37.47351520000001,-77.01665129999999,(804) 966-7023,https://www.royalnewkent.com/course/scorecard/,http://royalnewkent.com/,Scorecard
NC,Graysburg Hills Golf Course,ChIJ9_u_t5NZWogRAPTkHmSELZ4,https://maps.google.com/?cid=11397911797494510592&g_mp=CiVnb29nbGUubWFwcy5wbGFjZXMudjEuUGxhY2VzLkdldFBsYWNlEAIYBCAA,http://graysburghillsgolf.com/,"910 Graysburg Hills Rd, Chuckey, TN 37641, USA",36.3131828,-82.7002716,(423) 234-8061,https://graysburghillsgolf.com/course-info/scorecard/,http://graysburghillsgolf.com/,Scorecard
NC,Rolling Green Golf Course,ChIJ9d8XpT1KWIgRoX60wxpZGus,https://maps.google.com/?cid=16940950919794949793&g_mp=CiVnb29nbGUubWFwcy5wbGFjZXMudjEuUGxhY2VzLkdldFBsYWNlEAIYBCAA,http://www.rollinggreengolf.com,"386 Hester Store Rd, Easley, SC 29640, USA",34.917812,-82.5844061,(864) 859-7716,,,
NC,Johnson City Country Club,ChIJARggaZ99WogRgAt0rWqu-t4,https://maps.google.com/?cid=16067346393797495680&g_mp=CiVnb29nbGUubWFwcy5wbGFjZXMudjEuUGxhY2VzLkdldFBsYWNlEAIYBCAA,https://johnsoncitycountryclub.com/,"1901 E Unaka Ave, Johnson City, TN 37601, USA",36.3427424,-82.3404868,(423) 975-5520,,,
VA,Sunny Croft Country Club,ChIJB01blJdpSogRFx5ZdHnBPxM,https://maps.google.com/?cid=1387039937640603159&g_mp=CiVnb29nbGUubWFwcy5wbGFjZXMudjEuUGxhY2VzLkdldFBsYWNlEAIYBCAA,,"1102 Good Hope Pike, Clarksburg, WV 26301, USA",39.259623,-80.3867344,(304) 624-4421,,,
VA,Safe Harbor Great Oak Landing,ChIJB1yFv23xx4kRgVFmYv0mh44,https://maps.google.com/?cid=10270220344961159553&g_mp=CiVnb29nbGUubWFwcy5wbGFjZXMudjEuUGxhY2VzLkdldFBsYWNlEAIYBCAA,http://mearsgreatoaklanding.com/,"22170 Great Oak Landing Rd, Chestertown, MD 21620, USA",39.263327800000006,-76.2035041,(410) 778-5007,,,
NC,Duck Woods Country Club,ChIJB_3CDhcgpYkRqQsvBBU6jxI,https://maps.google.com/?cid=1337351476291242921&g_mp=CiVnb29nbGUubWFwcy5wbGFjZXMudjEuUGxhY2VzLkdldFBsYWNlEAIYBCAA,https://duckwoodscc.com/,"50 S Dogwood Trail, Southern Shores, NC 27949, USA",36.1076221,-75.7368783,(252) 261-2744,,,
NC,Butternut Creek Golf Course,ChIJBylyupsXX4gRTpVfJOB97R0,https://maps.google.com/?cid=2156518198216725838&g_mp=CiVnb29nbGUubWFwcy5wbGFjZXMudjEuUGxhY2VzLkdldFBsYWNlEAIYBCAA,https://www.butternutcreek.golf/,"129 Union Co Rec Rd, Blairsville, GA 30512, USA",34.8755047,-83.96591389999999,(706) 439-6076,https://butternutcreek.golf/scorecard-2/,https://www.butternutcreek.golf/,Scorecard
NC,910 Golf Simulator and Lounge,ChIJBzvqe_oRq4kRHJOIZocYhvA,https://maps.google.com/?cid=17331567185801810716&g_mp=CiVnb29nbGUubWFwcy5wbGFjZXMudjEuUGxhY2VzLkdldFBsYWNlEAIYBCAA,https://www.910golfsimulator.com/,"4754 US-301, Hope Mills, NC 28348, USA",34.956559999999996,-78.92397129999999,(910) 294-2375,,,
NC,Valhalla resort and Golf in Innsbruck,ChIJCzZ1RC42X4gRUSj1ZX4bp78,https://maps.google.com/?cid=13810037012045310033&g_mp=CiVnb29nbGUubWFwcy5wbGFjZXMudjEuUGxhY2VzLkdldFBsYWNlEAIYBCAA,https://valhallaresorthotel.com/best-golf-courses-in-north-georgia,"664 Bahn Innsbruck, Helen, GA 30545, USA",34.7097222,-83.71305559999999,(706) 878-2100,,,
NC,Twin Creeks Golf Course,ChIJDdHIJ0dFWogRaLdZTbsiA1M,https://maps.google.com/?cid=5981662917930104680&g_mp=CiVnb29nbGUubWFwcy5wbGFjZXMudjEuUGxhY2VzLkdldFBsYWNlEAIYBCAA,https://www.facebook.com/people/Twin-Creeks-Golf-Course/100063593240460/,"90 Chuckey Hwy, Chuckey, TN 37641, USA",36.2003784,-82.7160186,(423) 257-5192,,,
VA,Monster Mini Golf Stafford,ChIJE3q4LNTxtokR8302QHWQJs4,https://maps.google.com/?cid=14854719254191046131&g_mp=CiVnb29nbGUubWFwcy5wbGFjZXMudjEuUGxhY2VzLkdldFBsYWNlEAIYBCAA,https://monsterminigolf.com/locations/us/va/stafford/,"308 Worth Ave, Stafford, VA 22556, USA",38.4757348,-77.4185873,(540) 426-4983,,,
VA,Deer Cove Golf Course,ChIJEw_igWWGsIkRBfQZVLXztbo,https://maps.google.com/?cid=13453927421964841989&g_mp=CiVnb29nbGUubWFwcy5wbGFjZXMudjEuUGxhY2VzLkdldFBsYWNlEAIYBCAA,https://www.navylifema.com/programs/64ff3eb6-b29c-48a1-8dca-614e8e5b4eb8,"108 Sanda Ave, Williamsburg, VA 23185, USA",37.282805599999996,-76.59421840000002,(757) 887-6539,,,
VA,Indoor Golf,ChIJFXc7kDPBtokRZn3cKGjlEpY,https://maps.google.com/?cid=10813957890794880358&g_mp=CiVnb29nbGUubWFwcy5wbGFjZXMudjEuUGxhY2VzLkdldFBsYWNlEAIYBCAA,https://www.keepactivegolf.com/,"4127 Plank Rd, Fredericksburg, VA 22407, USA",38.290863699999996,-77.53190889999999,(540) 792-3727,,,
VA,THE LODGE at Kiln Creek,ChIJFbVPDzV_sIkR-F9dImq9XB8,https://maps.google.com/?cid=2259889376573874168&g_mp=CiVnb29nbGUubWFwcy5wbGFjZXMudjEuUGxhY2VzLkdldFBsYWNlEAIYBCAA,https://www.thelodgeatkilncreek.com/,"1003 Brick Kiln Blvd, Newport News, VA 23602, USA",37.118486499999996,-76.4815716,(757) 874-2600,,,
VA,The Golf Club of Bristol,ChIJFyjQaEhxUIgRw1myzGV-3w4,https://maps.google.com/?cid=1071714212028504515&g_mp=CiVnb29nbGUubWFwcy5wbGFjZXMudjEuUGxhY2VzLkdldFBsYWNlEAIYBCAA,,"6045 Old Jonesboro Rd, Bristol, TN 37620, USA",36.587802499999995,-82.1178169,(423) 573-2375,,,
VA,Great Oak Club and Golf Course,ChIJG-Q68Gzxx4kR7b7jMQmkJBc,https://maps.google.com/?cid=1667638121432596205&g_mp=CiVnb29nbGUubWFwcy5wbGFjZXMudjEuUGxhY2VzLkdldFBsYWNlEAIYBCAA,,"Chestertown, MD 21620, USA",39.265774500000006,-76.1990218,,,,
NC,Paris Mountain Country Club,ChIJGWNZkPUyWIgRqdJRimrAM1w,https://maps.google.com/?cid=6643865439121298089&g_mp=CiVnb29nbGUubWFwcy5wbGFjZXMudjEuUGxhY2VzLkdldFBsYWNlEAIYBCAA,https://www.parismountaincc.net/,"301 Old Rockhouse Rd, Greenville, SC 29609, USA",34.9332923,-82.4152984,(864) 834-4781,,,
NC,Neighborhood National No. 5,ChIJHQvx4qjnrIkR6ubeRmNiZII,https://maps.google.com/?cid=9395742901131994858&g_mp=CiVnb29nbGUubWFwcy5wbGFjZXMudjEuUGxhY2VzLkdldFBsYWNlEAIYBCAA,http://www.neighborhoodnationalgc.com/,"4409 Randall Rd, Durham, NC 27707, USA",35.9355188,-78.9919525,(612) 414-2462,,,
NC,Olde Eight,ChIJHRNJVBv9V4gR0fvkVxSgXj8,https://maps.google.com/?cid=4566263081434676177&g_mp=CiVnb29nbGUubWFwcy5wbGFjZXMudjEuUGxhY2VzLkdldFBsYWNlEAIYBCAA,https://www.oldeeight.com/,"709 Swing About, Greenwood, SC 29649, USA",34.290807,-82.0973317,(844) 653-3888,,,
VA,Birdies... Where Are You,ChIJJb3Z4vpBTYgRv-lR-a_cQ1o,https://maps.google.com/?cid=6504284935213410751&g_mp=CiVnb29nbGUubWFwcy5wbGFjZXMudjEuUGxhY2VzLkdldFBsYWNlEAIYBCAA,http://birdieswhereareyou.com/,"96 Builders Pride Dr, Hardy, VA 24101, USA",37.118673799999996,-79.71738069999999,(804) 398-9203,,,
NC,Cp landscaping LLC,ChIJJcnT7ug3WIgRoF2RjObuO4c,https://maps.google.com/?cid=9744644892714425760&g_mp=CiVnb29nbGUubWFwcy5wbGFjZXMudjEuUGxhY2VzLkdldFBsYWNlEAIYBCAA,https://www.cplandscapingllc.com/,"4466 Old Easley Bridge Rd Greenville, 4466 Old Easley Bridge Rd, Easley, SC 29642, USA",34.820603999999996,-82.4994918,(864) 395-9663,,,
NC,Sequoyah National Golf Club,ChIJJe2doS9BWYgRdxSiTfJWLy8,https://maps.google.com/?cid=3400031842372555895&g_mp=CiVnb29nbGUubWFwcy5wbGFjZXMudjEuUGxhY2VzLkdldFBsYWNlEAIYBCAA,http://www.sequoyahnational.com/,"79 Cahon's Mt Rd, Whittier, NC 28789, USA",35.431703399999996,-83.32907329999999,(828) 497-3000,,,
VA,Mill Creek Country Club,ChIJJxDs9QNntYkReJ1kn5Pp-0s,https://maps.google.com/?cid=5475226592242605432&g_mp=CiVnb29nbGUubWFwcy5wbGFjZXMudjEuUGxhY2VzLkdldFBsYWNlEAIYBCAA,,"Burlington, WV 26710, USA",39.3403117,-78.9796636,(304) 289-3160,,,
NC,Fox Run Country Club,ChIJKxLic9KJV4gRpofmkMtY-L0,https://maps.google.com/?cid=13688788698725255078&g_mp=CiVnb29nbGUubWFwcy5wbGFjZXMudjEuUGxhY2VzLkdldFBsYWNlEAIYBCAA,https://foxrunclub.com/,"215 Club Dr, Simpsonville, SC 29681, USA",34.7398537,-82.2057821,(864) 967-9505,,,
,The Tree Farm,ChIJL1bshZP3-IgRMOBREoQWRe8,https://maps.google.com/?cid=17241211504956661808&g_mp=CiVnb29nbGUubWFwcy5wbGFjZXMudjEuUGxhY2VzLkdldFBsYWNlEAIYBCAA,http://thetreefarm.golf/,"4456 Tree Farm Trl, Batesburg-Leesville, SC 29006, USA",33.739981199999995,-81.5064063,,,,
NC,Twin Lakes Golf Course,ChIJLXoUTLjGrIkRtRC_Jf9u0e0,https://maps.google.com/?cid=17136600099250442421&g_mp=CiVnb29nbGUubWFwcy5wbGFjZXMudjEuUGxhY2VzLkdldFBsYWNlEAIYBCAA,http://twinlakes-golfch.com/,"648 Willow Way, Chapel Hill, NC 27516, USA",35.8355654,-79.1235512,(919) 933-1024,,,
NC,The Golf Club at Chapel Ridge,ChIJLcfbtibIrIkR05i4ovSQJ_A,https://maps.google.com/?cid=17304959473570846931&g_mp=CiVnb29nbGUubWFwcy5wbGFjZXMudjEuUGxhY2VzLkdldFBsYWNlEAIYBCAA,http://www.chapelridgegolfclub.com/,"1010 Chapel Ridge Dr, Pittsboro, NC 27312, USA",35.783115099999996,-79.2281919,(919) 545-2242,,,
NC,Streaking Birdies,ChIJM3o8jql1V4gR-R2WcSmzNZA,https://maps.google.com/?cid=10391408705807982073&g_mp=CiVnb29nbGUubWFwcy5wbGFjZXMudjEuUGxhY2VzLkdldFBsYWNlEAIYBCAA,https://streakingbirdies.com/,"226E W Main St, Spartanburg, SC 29306, USA",34.9486257,-81.935707,(864) 875-1594,,,
NC,Chapel Hill Country Club,ChIJM67d4Q_orIkRku5LuRkGTCc,https://maps.google.com/?cid=2831644973261909650&g_mp=CiVnb29nbGUubWFwcy5wbGFjZXMudjEuUGxhY2VzLkdldFBsYWNlEAIYBCAA,http://www.chapelhillcountryclub.com/,"103 Lancaster Dr, Chapel Hill, NC 27517, USA",35.9208802,-79.0090649,(919) 967-8201,,,
NC,Lane Creek Golf Club,ChIJM9oCVx939ogR88V6yQiUYIk,https://maps.google.com/?cid=9899074746421265907&g_mp=CiVnb29nbGUubWFwcy5wbGFjZXMudjEuUGxhY2VzLkdldFBsYWNlEAIYBCAA,https://www.lanecreekgolfclub.com/,"1201 Club Dr, Bishop, GA 30621, USA",33.8421702,-83.531744,(706) 769-6699,,,
NC,"Mountaintop Properties, LLC",ChIJMdxDO_QbWYgRDHebq3RktHU,https://maps.google.com/?cid=8481514450503563020&g_mp=CiVnb29nbGUubWFwcy5wbGFjZXMudjEuUGxhY2VzLkdldFBsYWNlEAIYBCAA,http://mountaintopproperties.com/,"34 N High Mountain Dr, Cashiers, NC 28717, USA",35.1094991,-83.1487877,(828) 743-4701,,,
VA,Endless Swings Indoor Golf,ChIJN7J5ZH3vtokRzaDgjJzoOMI,https://maps.google.com/?cid=13995191601129889997&g_mp=CiVnb29nbGUubWFwcy5wbGFjZXMudjEuUGxhY2VzLkdldFBsYWNlEAIYBCAA,http://endlessswings.com/,"20 Berkshire Dr Suite 107, Stafford, VA 22554, USA",38.4728663,-77.4411981,(540) 300-7071,,,
NC,Thornblade Club Maintenance,ChIJNUccyHMpWIgRgQ5sE4DNexg,https://maps.google.com/?cid=1764229629011037825&g_mp=CiVnb29nbGUubWFwcy5wbGFjZXMudjEuUGxhY2VzLkdldFBsYWNlEAIYBCAA,http://www.thornbladeclub.com/,"91 Bent Oak Rd, Greer, SC 29650, USA",34.8630488,-82.2658573,(864) 234-5120,,,
NC,Pebble Creek Golf Course,ChIJOfee8_8sWIgR1m-F4WotmbI,https://maps.google.com/?cid=12869367347261304790&g_mp=CiVnb29nbGUubWFwcy5wbGFjZXMudjEuUGxhY2VzLkdldFBsYWNlEAIYBCAA,http://www.pebblecreek-club.com/,"101 Pebble Creek Dr, Taylors, SC 29687, USA",34.929148,-82.34696699999999,(864) 244-8937,,,
NC,McDonald Hills Golf,ChIJP0UmzRCqW4gRS0RJr_1elSA,https://maps.google.com/?cid=2347887224404132939&g_mp=CiVnb29nbGUubWFwcy5wbGFjZXMudjEuUGxhY2VzLkdldFBsYWNlEAIYBCAA,http://mc-donald-hills-golf.jany.io/,"352 Guntown Rd, Rogersville, TN 37857, USA",36.3898971,-82.9820816,(423) 272-1477,,,
NC,Wolf Creek Golf Club,ChIJP6o3zPLDUogR1zV4O31n_18,https://maps.google.com/?cid=6917361340230677975&g_mp=CiVnb29nbGUubWFwcy5wbGFjZXMudjEuUGxhY2VzLkdldFBsYWNlEAIYBCAA,,"722 Wolf Island Rd, Reidsville, NC 27320, USA",36.399710999999996,-79.65944329999999,(336) 349-7660,,,
NC,The Carolina Country Club,ChIJP7J5ShyfV4gRqbHbQyw4RHI,https://maps.google.com/?cid=8233767781508297129&g_mp=CiVnb29nbGUubWFwcy5wbGFjZXMudjEuUGxhY2VzLkdldFBsYWNlEAIYBCAA,https://bit.ly/3uA3mQm,"2355 Carolina Country Club Rd, Spartanburg, SC 29306, USA",34.8803307,-81.9112705,(864) 583-1246,https://thecarolinacountryclub.com/the-carolina-country-club/,https://bit.ly/3uA3mQm,Scorecard
NC,Old Edwards Club,ChIJP9WrTwccWYgR9QLjCh38CqQ,https://maps.google.com/?cid=11820537373654188789&g_mp=CiVnb29nbGUubWFwcy5wbGFjZXMudjEuUGxhY2VzLkdldFBsYWNlEAIYBCAA,https://www.oldedwardsclub.com/?utm_source=google&utm_medium=organic&utm_campaign=business_listing,"688 Highlands Cove Drive, Cashiers, NC 28717, USA",35.1051765,-83.161203,(828) 526-1783,,,
VA,Queenfield Golf Club,ChIJPT2d060gsYkRjggqK4JCgAw,https://maps.google.com/?cid=900793052311455886&g_mp=CiVnb29nbGUubWFwcy5wbGFjZXMudjEuUGxhY2VzLkdldFBsYWNlEAIYBCAA,http://queenfieldgolf.com/,"1896 Dabneys Mill Rd, Manquin, VA 23106, USA",37.7110087,-77.1967636,(804) 769-8838,,,
NC,Bushwood Golf Studio,ChIJPdZWV6gBW4gRtICRdO1Eprw,https://maps.google.com/?cid=13593628311918051508&g_mp=CiVnb29nbGUubWFwcy5wbGFjZXMudjEuUGxhY2VzLkdldFBsYWNlEAIYBCAA,http://bushwood-golf-studio2023.square.site/,"5020 US-11W, Rogersville, TN 37857, USA",36.4589615,-82.94498820000001,(423) 500-8183,,,
NC,Knobbs Creek Recreation Center,ChIJPxeiH5tFpYkR8BFfkR3BnYo,https://maps.google.com/?cid=9988351881314767344&g_mp=CiVnb29nbGUubWFwcy5wbGFjZXMudjEuUGxhY2VzLkdldFBsYWNlEAIYBCAA,https://visitelizabethcity.com/knobbs-creek-park,"200 E Ward St, Elizabeth City, NC 27909, USA",36.3105185,-76.2177648,(252) 335-1424,,,
NC,Sea Scape Golf Links,ChIJQy8imAPgpIkRf9WfhmWzpGM,https://maps.google.com/?cid=7180060954567103871&g_mp=CiVnb29nbGUubWFwcy5wbGFjZXMudjEuUGxhY2VzLkdldFBsYWNlEAIYBCAA,http://seascapegolf.com/,"300 W Eckner St, Kitty Hawk, NC 27949, USA",36.085395,-75.70885849999999,(252) 261-2158,https://www.seascapegolf.com/scorecard/,http://seascapegolf.com/,Scorecard
NC,Holly Ridge Golf Links,ChIJS4lCfbcNU4gR2yPgqDGHFdw,https://maps.google.com/?cid=15858730310211478491&g_mp=CiVnb29nbGUubWFwcy5wbGFjZXMudjEuUGxhY2VzLkdldFBsYWNlEAIYBCAA,http://www.hollyridgegolflinks.com/,"South, 7933 US-311, Archdale, NC 27263, USA",35.8579053,-79.8975572,(336) 861-4653,https://hollyridgegolflinks.com/wp-content/uploads/2021/09/scorecard-pdf-2021.pdf,http://www.hollyridgegolflinks.com/golf,Click here for online scorecard PDF
NC,Hartwell Golf Club,ChIJS7jd-smBWIgRz5NQCmVqx38,https://maps.google.com/?cid=9207444945379562447&g_mp=CiVnb29nbGUubWFwcy5wbGFjZXMudjEuUGxhY2VzLkdldFBsYWNlEAIYBCAA,https://hartwellgolfcourse.com/,"755 Golf Course Rd, Hartwell, GA 30643, USA",34.3282356,-82.95481869999999,(706) 376-8161,,,
NC,The Pines at Elizabeth City,ChIJSSsyISNFpYkRBmkja3EobdQ,https://maps.google.com/?cid=15306935176096082182&g_mp=CiVnb29nbGUubWFwcy5wbGFjZXMudjEuUGxhY2VzLkdldFBsYWNlEAIYBCAA,http://www.pinesgolfnc.com/,"1525 N Road St, Elizabeth City, NC 27909, USA",36.335779699999996,-76.2367455,(252) 254-2111,,,
NC,Greenville Country Club Chanticleer Course,ChIJSV_E1w4wWIgRtoRHq60K290,https://maps.google.com/?cid=15986383043300918454&g_mp=CiVnb29nbGUubWFwcy5wbGFjZXMudjEuUGxhY2VzLkdldFBsYWNlEAIYBCAA,http://www.gccsc.com/,"502 Garden Trail, Gantt, SC 29605, USA",34.8046431,-82.40188959999999,(864) 232-6771,,,
VA,Brickshire Golf Club & Grille,ChIJT-0QmXrvsIkR8vMBrOaYkIo,https://maps.google.com/?cid=9984648490376098802&g_mp=CiVnb29nbGUubWFwcy5wbGFjZXMudjEuUGxhY2VzLkdldFBsYWNlEAIYBCAA,https://brickshiregolfclub.com/,"5520 Virginia Park Dr, Providence Forge, VA 23140, USA",37.4774481,-76.9982538,(804) 966-7888,,,
NC,Elks Lodge Par 3 Golf Course,ChIJTS8FAtBvWogRhkmxnLvwqG0,https://maps.google.com/?cid=7901830234799950214&g_mp=CiVnb29nbGUubWFwcy5wbGFjZXMudjEuUGxhY2VzLkdldFBsYWNlEAIYBCAA,https://par3nearme.com/course/elks-lodge-par-3/,"Old Fishery Rd, Erwin, TN 37650, USA",36.1779589,-82.3816939,(423) 743-8559,,,
VA,The Manor Golf Club,ChIJTSGU3RRPsokRUCDLc4rprGI,https://maps.google.com/?cid=7110314692568621136&g_mp=CiVnb29nbGUubWFwcy5wbGFjZXMudjEuUGxhY2VzLkdldFBsYWNlEAIYBCAA,http://www.golfthemanor.com/,"872 Manor House Dr, Farmville, VA 23901, USA",37.246792899999996,-78.4075221,(434) 392-2244,,,
NC,The Currituck Club,ChIJTVVVVfHSuokRBSdLEU_hWuo,https://maps.google.com/?cid=16887057482487899909&g_mp=CiVnb29nbGUubWFwcy5wbGFjZXMudjEuUGxhY2VzLkdldFBsYWNlEAIYBCAA,https://www.invitedclubs.com/clubs/the-currituck-club,"620 Currituck Clubhouse Dr, Corolla, NC 27927, USA",36.300551,-75.80648599999999,(252) 453-9400,,,
,Xtreme Golf Management,ChIJTaioMkWFXIgRZxaTd03pl-0,https://maps.google.com/?cid=17120409027400111719&g_mp=CiVnb29nbGUubWFwcy5wbGFjZXMudjEuUGxhY2VzLkdldFBsYWNlEAIYBCAA,http://xtremegolfmanagement.com/,"235 S 46th St, Middlesboro, KY 40965, USA",36.6028559,-83.7529665,(606) 269-5493,,,
NC,Occano Golf Shop,ChIJTfNnLE6ar4kRalwrTs3d-WM,https://maps.google.com/?cid=7204032952805317738&g_mp=CiVnb29nbGUubWFwcy5wbGFjZXMudjEuUGxhY2VzLkdldFBsYWNlEAIYBCAA,https://www.occano.com/golf/,"919 Avoca Farm Rd, Windsor, NC 27983, USA",36.0028654,-76.6994666,(252) 482-5300,,,
NC,Governors Club Golf Course,ChIJU-UdkB7CrIkRW_urm24o2g8,https://maps.google.com/?cid=1142269911015095131&g_mp=CiVnb29nbGUubWFwcy5wbGFjZXMudjEuUGxhY2VzLkdldFBsYWNlEAIYBCAA,http://www.governorsclubnc.com/,"11000 Governors Dr, Chapel Hill, NC 27517, USA",35.846174600000005,-79.039627,(919) 933-7500,,,
NC,Topgolf Greenville,ChIJUQumfvcpWIgRy30PaMi1zY8,https://maps.google.com/?cid=10362138189993311691&g_mp=CiVnb29nbGUubWFwcy5wbGFjZXMudjEuUGxhY2VzLkdldFBsYWNlEAIYBCAA,https://topgolf.com/us/greenville/,"201 Clifton Ct, Greenville, SC 29615, USA",34.8570786,-82.2614565,(864) 315-3351,,,
NC,The Georgia Club,ChIJV-4oeH519ogRsTnYwvnp4ww,https://maps.google.com/?cid=928843207093533105&g_mp=CiVnb29nbGUubWFwcy5wbGFjZXMudjEuUGxhY2VzLkdldFBsYWNlEAIYBCAA,http://www.thegeorgiaclub.com/,"1050 Chancellors Dr, Statham, GA 30666, USA",33.940202,-83.592156,(770) 725-8101,,,
VA,River Ridge Golf Course,ChIJV9OQWffwrYkRWvnakCP_iAw,https://maps.google.com/?cid=903252253506992474&g_mp=CiVnb29nbGUubWFwcy5wbGFjZXMudjEuUGxhY2VzLkdldFBsYWNlEAIYBCAA,,"705 Laramie Dr, Bracey, VA 23919, USA",36.5795069,-78.1427095,(434) 636-3351,,,
NC,Southern Oaks Golf Course,ChIJVRLsF9s4WIgRUooUU4-CXI0,https://maps.google.com/?cid=10186160009291008594&g_mp=CiVnb29nbGUubWFwcy5wbGFjZXMudjEuUGxhY2VzLkdldFBsYWNlEAIYBCAA,http://www.southernoaks-golf.com/,"105 Southern Oaks Dr, Easley, SC 29642, USA",34.7406776,-82.5388688,(864) 859-6698,,,
NC,Laurel ridge,ChIJVUpzIwA_WYgRYysC39-wzCU,https://maps.google.com/?cid=2723746350217964387&g_mp=CiVnb29nbGUubWFwcy5wbGFjZXMudjEuUGxhY2VzLkdldFBsYWNlEAIYBCAA,,"130 Primrose Ln, Whittier, NC 28789, USA",35.3566868,-83.30649079999999,,,,
NC,Elizabethton Golf Course,ChIJVVSj1VZ-WogRrRGPrXbM2-Q,https://maps.google.com/?cid=16490999270637244845&g_mp=CiVnb29nbGUubWFwcy5wbGFjZXMudjEuUGxhY2VzLkdldFBsYWNlEAIYBCAA,https://www.elizabethtongolf.com/,"185 Buck Van Huss Rd, Elizabethton, TN 37643, USA",36.3185941,-82.26746469999999,(423) 542-8051,,,
VA,Gauntlet Golf Club,ChIJW24DJTSTtokRhuCM6UkZCdM,https://maps.google.com/?cid=15206713422034821254&g_mp=CiVnb29nbGUubWFwcy5wbGFjZXMudjEuUGxhY2VzLkdldFBsYWNlEAIYBCAA,http://www.golfgauntlet.com/,"18 Fairway Dr, Fredericksburg, VA 22406, USA",38.4336543,-77.5736276,(540) 752-0963,https://golfgauntlet.com/yardage-book/,http://www.golfgauntlet.com/,Yardage Book
NC,Jamestown Park Golf Course,ChIJWa599ogPU4gROh1s41bstiU,https://maps.google.com/?cid=2717619283091529018&g_mp=CiVnb29nbGUubWFwcy5wbGFjZXMudjEuUGxhY2VzLkdldFBsYWNlEAIYBCAA,http://www.jamestownparkgolf.com/,"7041 E Fork Rd, Jamestown, NC 27282, USA",36.0118292,-79.95116759999999,(336) 454-4912,,,
VA,The Brookwoods Golf Club,ChIJXQ91nkHisIkRcujR7kmtnWE,https://maps.google.com/?cid=7033968726073534578&g_mp=CiVnb29nbGUubWFwcy5wbGFjZXMudjEuUGxhY2VzLkdldFBsYWNlEAIYBCAA,https://brookwoodsgolf.com/,"7325 Club Dr, Quinton, VA 23141, USA",37.5087471,-77.1713714,(804) 932-3737,http://brookwoodsgolf.com/wp-content/uploads/2020/02/scorecard.pdf,https://brookwoodsgolf.com/,Download Scorecard
NC,Sanford Golf Course,ChIJXVQXbHWmrIkR-psPgcSbsvQ,https://maps.google.com/?cid=17632326759390092282&g_mp=CiVnb29nbGUubWFwcy5wbGFjZXMudjEuUGxhY2VzLkdldFBsYWNlEAIYBCAA,http://sanfordnc.net/299/Golf-Course,"600 Golf Course Rd, Sanford, NC 27330, USA",35.5136463,-79.1746902,(919) 777-1901,http://sanfordnc.net/326/Scorecard,http://sanfordnc.net/299/Golf-Course,Scorecard
VA,Valley View Golf Club,ChIJY2T1QM0XtYkRtLIOF78omPo,https://maps.google.com/?cid=18057227507132707508&g_mp=CiVnb29nbGUubWFwcy5wbGFjZXMudjEuUGxhY2VzLkdldFBsYWNlEAIYBCAA,http://www.valleyviewgolfwv.com/,"4638 US-220, Moorefield, WV 26836, USA",39.007470999999995,-79.00422999999999,(304) 538-6564,,,
VA,Woodlands Golf Course,ChIJY8mlKtuEuokRw6P_prPyXbQ,https://maps.google.com/?cid=12996810953075958723&g_mp=CiVnb29nbGUubWFwcy5wbGFjZXMudjEuUGxhY2VzLkdldFBsYWNlEAIYBCAA,https://hampton.gov/334/The-Woodlands,"9 Woodland Rd, Hampton, VA 23663, USA",37.0258357,-76.3261661,(757) 727-1195,,,
NC,Scothurst Golf Course,ChIJYRLRLN8iq4kRb1fMuPNau1g,https://maps.google.com/?cid=6393804098806503279&g_mp=CiVnb29nbGUubWFwcy5wbGFjZXMudjEuUGxhY2VzLkdldFBsYWNlEAIYBCAA,https://scothurstgolfcourse.com/,"142 Scothurst Dr, Lumber Bridge, NC 28357, USA",34.8827407,-79.05977589999999,(910) 843-5357,,,
NC,Hemlock Golf Course,ChIJZ6fSe49XUogRmSMC3O5oLHo,https://maps.google.com/?cid=8803526746705109913&g_mp=CiVnb29nbGUubWFwcy5wbGFjZXMudjEuUGxhY2VzLkdldFBsYWNlEAIYBCAA,http://www.hemlockgolfcourse.com/,"1872 Power Dam Rd, Walnut Cove, NC 27052, USA",36.366954799999995,-80.1324157,(336) 591-7934,,,
VA,Eaglewood Golf Course-Langley AFB,ChIJZTmj-_mDuokR0IRJuJNywXI,https://maps.google.com/?cid=8269016369606526160&g_mp=CiVnb29nbGUubWFwcy5wbGFjZXMudjEuUGxhY2VzLkdldFBsYWNlEAIYBCAA,https://jbleforcesupport.com/golf/,"630 Weyland Rd, Langley AFB, VA 23665, USA",37.0891932,-76.37064710000001,(757) 764-4547,,,
VA,The 19th Hole at the Gauntlet,ChIJ_-7swJKTtokRMyxEIWhwYQk,https://maps.google.com/?cid=675945011619310643&g_mp=CiVnb29nbGUubWFwcy5wbGFjZXMudjEuUGxhY2VzLkdldFBsYWNlEAIYBCAA,http://www.golfgauntlet.com/,"18 Fairway Dr, Fredericksburg, VA 22406, USA",38.435016,-77.57137399999999,(540) 212-2938,https://golfgauntlet.com/yardage-book/,http://www.golfgauntlet.com/,Yardage Book
VA,Bel Meadow Public Golf Course,ChIJ_-QcdrZcSogROoDJuU6wcjU,https://maps.google.com/?cid=3851334483526123578&g_mp=CiVnb29nbGUubWFwcy5wbGFjZXMudjEuUGxhY2VzLkdldFBsYWNlEAIYBCAA,,"Bel Meadow Dr, Mt Clare, WV 26408, USA",39.181324,-80.271202,(304) 623-3701,,,
NC,Carolina Indoor Golf,ChIJ_6Uj424uWIgRfEpx5hRlymY,https://maps.google.com/?cid=7406843677604137596&g_mp=CiVnb29nbGUubWFwcy5wbGFjZXMudjEuUGxhY2VzLkdldFBsYWNlEAIYBCAA,http://www.carolinaindoorgolf.com/,"1168 N Pleasantburg Dr, Greenville, SC 29607, USA",34.872241599999995,-82.35848310000002,(864) 203-2605,,,
NC,Quixote Club,ChIJ_870UEVp_4gRTBPd-LIjR1c,https://maps.google.com/?cid=6289034656232575820&g_mp=CiVnb29nbGUubWFwcy5wbGFjZXMudjEuUGxhY2VzLkdldFBsYWNlEAIYBCAA,http://www.quixoteclub.com/,"875 Pinewood Rd, Sumter, SC 29154, USA",33.8962317,-80.3811812,(803) 775-5541,,,
VA,Bel Meadow Golf Club,ChIJ____v8pcSogRvIiD32GQ3uU,https://maps.google.com/?cid=16563835229551429820&g_mp=CiVnb29nbGUubWFwcy5wbGFjZXMudjEuUGxhY2VzLkdldFBsYWNlEAIYBCAA,,"Co Rte 20/19, Clarksburg, WV 26301, USA",39.184447,-80.2753393,,,,
VA,Kingsmill Plantation,ChIJ_fnnWy-IsIkREJBnBxJ9Yb0,https://maps.google.com/?cid=13646325862296424464&g_mp=CiVnb29nbGUubWFwcy5wbGFjZXMudjEuUGxhY2VzLkdldFBsYWNlEAIYBCAA,http://kingsmillcommunity.org/,"Williamsburg, VA 23185, USA",37.228914599999996,-76.6763252,(800) 832-5665,,,
VA,River District Social,ChIJa0lFXDGzUogRtwU3iC4h9WY,https://maps.google.com/?cid=7418872444900279735&g_mp=CiVnb29nbGUubWFwcy5wbGFjZXMudjEuUGxhY2VzLkdldFBsYWNlEAIYBCAA,https://www.riverdistrictsocial.com/,"680 Lynn St C, Danville, VA 24541, USA",36.582283499999996,-79.38519649999999,(434) 228-4155,,,
VA,Willow Creek Country Club,ChIJa2sl8nhjTYgRKqBB19f8qxg,https://maps.google.com/?cid=1777792481887363114&g_mp=CiVnb29nbGUubWFwcy5wbGFjZXMudjEuUGxhY2VzLkdldFBsYWNlEAIYBCAA,http://willowcreekva.com/,"10500 Virgil H Goode Hwy, Rocky Mount, VA 24151, USA",36.9442787,-79.87602989999999,(540) 483-0797,http://willowcreekva.com/rates-course,http://willowcreekva.com/,Scorecard
NC,Stryker Golf Course at Fort Bragg,ChIJaXvkKtBrq4kRhSfIa-rH_zc,https://maps.google.com/?cid=4035163600791807877&g_mp=CiVnb29nbGUubWFwcy5wbGFjZXMudjEuUGxhY2VzLkdldFBsYWNlEAIYBCAA,https://bragg.armymwr.com/programs/golf,"1219 Bragg Blvd, Fayetteville, NC 28307, USA",35.1275766,-78.9643561,(910) 396-3980,,,
NC,3's Greenville - Golf and Grubhouse,ChIJaZI0LV8uWIgRFeDm2pvf5DU,https://maps.google.com/?cid=3883474639185698837&g_mp=CiVnb29nbGUubWFwcy5wbGFjZXMudjEuUGxhY2VzLkdldFBsYWNlEAIYBCAA,https://www.3s.golf/,"61 Villa Rd, Greenville, SC 29615, USA",34.8601226,-82.3472366,(864) 233-6336,,,
NC,The Inn at Governors Club,ChIJa_47TPXBrIkRxlCY2FXp9oM,https://maps.google.com/?cid=9509044218154733766&g_mp=CiVnb29nbGUubWFwcy5wbGFjZXMudjEuUGxhY2VzLkdldFBsYWNlEAIYBCAA,https://www.theinnatgovernorsclub.com/,"11477 Club Dr, Chapel Hill, NC 27517, USA",35.846772099999995,-79.0402774,(984) 542-7676,,,
VA,X-Golf,ChIJb7QrsGvBtokRXi0r7CfJpW8,https://maps.google.com/?cid=8045057482670419294&g_mp=CiVnb29nbGUubWFwcy5wbGFjZXMudjEuUGxhY2VzLkdldFBsYWNlEAIYBCAA,https://xgolf-fredericksburg.com/,"1 Towne Centre Blvd STE 4500, Fredericksburg, VA 22407, USA",38.2901611,-77.510635,(540) 548-9079,,,
VA,Nicholas Memorial Golf Course,ChIJbUCv-2pVSYgRmKQ_ZxmIyL8,https://maps.google.com/?cid=13819445099274151064&g_mp=CiVnb29nbGUubWFwcy5wbGFjZXMudjEuUGxhY2VzLkdldFBsYWNlEAIYBCAA,,"Summersville, WV 26651, USA",38.317352199999995,-80.83300779999999,(304) 872-9850,,,
NC,Porters Neck Country Club,ChIJc88i8niNqYkRW2ncQJ6GnMI,https://maps.google.com/?cid=14023231353976023387&g_mp=CiVnb29nbGUubWFwcy5wbGFjZXMudjEuUGxhY2VzLkdldFBsYWNlEAIYBCAA,http://www.portersneckcountryclub.com/,"8403 Vintage Club Dr, Wilmington, NC 28411, USA",34.2926372,-77.7577695,(910) 686-8180,,,
NC,Blair Park Golf Course,ChIJcR1SzKUOU4gRvVNXQr56Bqo,https://maps.google.com/?cid=12251614793883407293&g_mp=CiVnb29nbGUubWFwcy5wbGFjZXMudjEuUGxhY2VzLkdldFBsYWNlEAIYBCAA,https://www.blairparkgc.com/,"1901 S Main St, High Point, NC 27260, USA",35.938151999999995,-79.9938943,(336) 883-3497,https://www.blairparkgc.com/scorecard/,https://www.blairparkgc.com/,Scorecard
NC,The Chimneys Golf Course,ChIJd6MbWa7d9YgRxhI_iRzU2BE,https://maps.google.com/?cid=1286010912641061574&g_mp=CiVnb29nbGUubWFwcy5wbGFjZXMudjEuUGxhY2VzLkdldFBsYWNlEAIYBCAA,https://www.chimneysgc.com/,"338 Monroe Hwy, Winder, GA 30680, USA",33.9587848,-83.711968,(770) 307-4900,,,
NC,Old Union Golf Course,ChIJd9iFAdQbX4gRSWBGH4EFkqw,https://maps.google.com/?cid=12435007573256986697&g_mp=CiVnb29nbGUubWFwcy5wbGFjZXMudjEuUGxhY2VzLkdldFBsYWNlEAIYBCAA,https://www.olduniongolf.com/,"78 Scores Pt, Blairsville, GA 30512, USA",34.936961,-84.02379959999999,(706) 745-4653,,,
NC,The Greens at Deerfield,ChIJdSEp4hJcXIgRc81D09OdqjA,https://maps.google.com/?cid=3506788792969448819&g_mp=CiVnb29nbGUubWFwcy5wbGFjZXMudjEuUGxhY2VzLkdldFBsYWNlEAIYBCAA,https://www.thegreensatdeerfield.com/,"161 Clubhouse Dr, LaFollette, TN 37766, USA",36.3523779,-84.00490959999999,(423) 566-0040,,,
NC,Pine Hills Golf Club,ChIJdwcC5Ond9YgRBbRXxufVdWA,https://maps.google.com/?cid=6950696791358026757&g_mp=CiVnb29nbGUubWFwcy5wbGFjZXMudjEuUGxhY2VzLkdldFBsYWNlEAIYBCAA,http://www.pinehillswinder.com/,"661 Hog Mountain Rd, Winder, GA 30680, USA",33.972207,-83.6906223,(770) 867-3150,https://www.pinehillswinder.com/course/scorecard/,http://www.pinehillswinder.com/,Scorecard
NC,Kerr Lake Country Club,ChIJe6jpD-eVrYkRoSNK4sB3Y2Q,https://maps.google.com/?cid=7233757096801084321&g_mp=CiVnb29nbGUubWFwcy5wbGFjZXMudjEuUGxhY2VzLkdldFBsYWNlEAIYBCAA,http://www.kerrlakecountryclub.com/,"6234, 600 Hedrick Dr, Henderson, NC 27537, USA",36.4037119,-78.3760893,(252) 492-1895,,,
NC,Franklin Golf Course,ChIJe88KUQolWYgR8LTj27ljD7s,https://maps.google.com/?cid=13479101859652416752&g_mp=CiVnb29nbGUubWFwcy5wbGFjZXMudjEuUGxhY2VzLkdldFBsYWNlEAIYBCAA,http://www.franklingolfcourse.com/,"1st Fairway Dr, Franklin, NC 28734, USA",35.167907,-83.397091,(828) 524-2288,,,
VA,CNU Indoor Golf Center,ChIJe_6dOQB5sIkRW5qfhCSPwhg,https://maps.google.com/?cid=1784145789398784603&g_mp=CiVnb29nbGUubWFwcy5wbGFjZXMudjEuUGxhY2VzLkdldFBsYWNlEAIYBCAA,,"101 Museum Dr, Newport News, VA 23606, USA",37.0541415,-76.4897895,,,,
NC,Boscobel Golf & Country Club,ChIJexp8XKhnWIgRVgjvSR8xEWw,https://maps.google.com/?cid=7787059241154447446&g_mp=CiVnb29nbGUubWFwcy5wbGFjZXMudjEuUGxhY2VzLkdldFBsYWNlEAIYBCAA,https://boscobelgolfclub.com/,"1221 Summers Dr, Pendleton, SC 29670, USA",34.6135643,-82.77518119999999,(864) 646-3991,,,
VA,Cypress Creek Golfers' Club,ChIJfStH8xxysIkRrEX4zGdMXdQ,https://maps.google.com/?cid=15302471117578978732&g_mp=CiVnb29nbGUubWFwcy5wbGFjZXMudjEuUGxhY2VzLkdldFBsYWNlEAIYBCAA,http://cypresscreekgolfersclub.com/,"600 Cypress Creek Pkwy, Smithfield, VA 23430, USA",36.9603689,-76.62727199999999,(757) 365-4774,,,
,Ruggles,ChIJffoiR-PBx4kRIemCKncrHFE,https://maps.google.com/?cid=5844594207234386209&g_mp=CiVnb29nbGUubWFwcy5wbGFjZXMudjEuUGxhY2VzLkdldFBsYWNlEAIYBCAA,https://aberdeen.armymwr.com/programs/ruggles-golf-course,"5600 Ruggles Rd, Aberdeen Proving Ground, MD 21005, USA",39.483169499999995,-76.1660919,(410) 278-4794,,,
NC,Willow Creek Golf Club,ChIJg1fHVz-GV4gRKN4Zj4tN_-A,https://maps.google.com/?cid=16212762445353705000&g_mp=CiVnb29nbGUubWFwcy5wbGFjZXMudjEuUGxhY2VzLkdldFBsYWNlEAIYBCAA,http://www.willow-creekgolf.com/,"205 Sandy Run Dr, Greer, SC 29651, USA",34.8113173,-82.1428813,(864) 670-9329,,,
NC,Willow Creek Golf Course Maintenance,ChIJg1fHVz-GV4gRlfv-ihkc00k,https://maps.google.com/?cid=5319626480886414229&g_mp=CiVnb29nbGUubWFwcy5wbGFjZXMudjEuUGxhY2VzLkdldFBsYWNlEAIYBCAA,http://www.willow-creekgolf.com/,"371 State Rd S-42-2788 A, Greer, SC 29651, USA",34.8089568,-82.15253899999999,(864) 848-4999,,,
NC,Golf Course Co,ChIJgRVZFhqGr4kRa6esW5QJD24,https://maps.google.com/?cid=7930568001620584299&g_mp=CiVnb29nbGUubWFwcy5wbGFjZXMudjEuUGxhY2VzLkdldFBsYWNlEAIYBCAA,,"200 Mulberry Hill Ln, Edenton, NC 27932, USA",36.0094032,-76.5324412,(252) 482-8077,,,
NC,Brasstown Valley Golf Club,ChIJgTt0wg0kX4gRsKj_YI1d79I,https://maps.google.com/?cid=15199470129197852848&g_mp=CiVnb29nbGUubWFwcy5wbGFjZXMudjEuUGxhY2VzLkdldFBsYWNlEAIYBCAA,https://brasstownvalley.com/championship-golf-course/,"6321 US-76, Young Harris, GA 30582, USA",34.9531922,-83.84256859999999,(706) 379-4613,,,
NC,Outerbanks Golf Getaways,ChIJgdq_2QDgpIkRc2vE91hs1WI,https://maps.google.com/?cid=7121717515126074227&g_mp=CiVnb29nbGUubWFwcy5wbGFjZXMudjEuUGxhY2VzLkdldFBsYWNlEAIYBCAA,,"4826 N Croatan Hwy, Kitty Hawk, NC 27949, USA",36.090323,-75.708899,(252) 255-1074,,,
NC,Pilot Knob Park Country Club,ChIJh3ugLsk3UogRLWgq0Cp4iEE,https://maps.google.com/?cid=4722156334574364717&g_mp=CiVnb29nbGUubWFwcy5wbGFjZXMudjEuUGxhY2VzLkdldFBsYWNlEAIYBCAA,http://www.pkpgolf.com/,"450 Club House Dr, Pilot Mountain, NC 27041, USA",36.3657387,-80.4718944,(336) 368-2828,,,
NC,Valley Ridge Golf Course,ChIJh7q3-e2XW4gRiQYcV3mDUUI,https://maps.google.com/?cid=4778745236792542857&g_mp=CiVnb29nbGUubWFwcy5wbGFjZXMudjEuUGxhY2VzLkdldFBsYWNlEAIYBCAA,https://www.valleyridge.golf/,"1180 Valley Home Rd, Morristown, TN 37814, USA",36.1919944,-83.31881229999999,(423) 586-9953,,,
NC,Warrenton Golf Club,ChIJhU6u93HorYkRCNlaWSro1PI,https://maps.google.com/?cid=17497865720826616072&g_mp=CiVnb29nbGUubWFwcy5wbGFjZXMudjEuUGxhY2VzLkdldFBsYWNlEAIYBCAA,http://warrentongolfclub.com/,"129 19th Hole Dr, Warrenton, NC 27589, USA",36.386690699999996,-78.1209736,(252) 257-1909,,,
NC,Bayonet At Puppy Creek,ChIJha9jDD85q4kRevGl_KZ3T8Q,https://maps.google.com/?cid=14145656513681027450&g_mp=CiVnb29nbGUubWFwcy5wbGFjZXMudjEuUGxhY2VzLkdldFBsYWNlEAIYBCAA,https://www.bayonetgolf.com/?amp,"349 S Parker Church Rd, Raeford, NC 28376, USA",35.012602099999995,-79.1290415,(888) 229-6638,,,
NC,Occano,ChIJhxdF8rSbr4kRTsVHHlMuHKY,https://maps.google.com/?cid=11969492844169119054&g_mp=CiVnb29nbGUubWFwcy5wbGFjZXMudjEuUGxhY2VzLkdldFBsYWNlEAIYBCAA,https://www.occano.com/,"216 Reider Boulevard, Merry Hill, NC 27957, USA",36.002835600000004,-76.6995348,(252) 482-4006,,,
NC,Governors Club,ChIJhyyEbPXBrIkRsvJIzFnIwXs,https://maps.google.com/?cid=8917629025175270066&g_mp=CiVnb29nbGUubWFwcy5wbGFjZXMudjEuUGxhY2VzLkdldFBsYWNlEAIYBCAA,http://www.governorsclubnc.com/,"11000 Governors Dr, Chapel Hill, NC 27517, USA",35.846195099999996,-79.03940039999999,(919) 933-7500,,,
NC,Beau Rivage Golf & Resort,ChIJi-jOs8D3qYkREPuIr4uXlKE,https://maps.google.com/?cid=11643097562860813072&g_mp=CiVnb29nbGUubWFwcy5wbGFjZXMudjEuUGxhY2VzLkdldFBsYWNlEAIYBCAA,http://www.beaurivagegolf.com/,"649 Rivage Promenade, Wilmington, NC 28412, USA",34.114311,-77.90630999999999,(910) 812-4885,,,
NC,Easley Golf Lounge,ChIJi2N4P7BJWIgR3zqtrJAwogU,https://maps.google.com/?cid=405940314347223775&g_mp=CiVnb29nbGUubWFwcy5wbGFjZXMudjEuUGxhY2VzLkdldFBsYWNlEAIYBCAA,https://www.easleygolflounge.com/,"619 Gentry Memorial Hwy suite g, Easley, SC 29640, USA",34.837185,-82.6301265,(864) 307-8130,,,
NC,Caswell Pines Golf Club,ChIJi_63O7E1rYkR-mYsPyOdqOs,https://maps.google.com/?cid=16980995169709745914&g_mp=CiVnb29nbGUubWFwcy5wbGFjZXMudjEuUGxhY2VzLkdldFBsYWNlEAIYBCAA,http://www.caswellpines.com/,"2380 County Home Rd, Blanch, NC 27212, USA",36.438590399999995,-79.31929319999999,(336) 694-2255,,,
VA,James River Country Club,ChIJiwen-rR5sIkRyVmcfuN6GCI,https://maps.google.com/?cid=2456848714230946249&g_mp=CiVnb29nbGUubWFwcy5wbGFjZXMudjEuUGxhY2VzLkdldFBsYWNlEAIYBCAA,https://www.jamesrivercc.com/,"1500 Country Club Rd, Newport News, VA 23606, USA",37.0543789,-76.5082081,(757) 595-3327,,,
VA,Fawn Lake Country Club,ChIJj-8DCpq8tokRn36meJC_wbA,https://maps.google.com/?cid=12736671848400846495&g_mp=CiVnb29nbGUubWFwcy5wbGFjZXMudjEuUGxhY2VzLkdldFBsYWNlEAIYBCAA,http://www.fawnlakecc.com/,"11305 Longstreet Dr, Spotsylvania Courthouse, VA 22551, USA",38.2678375,-77.7150802,(540) 972-6200,https://fawnlakecc.com/golf/hole-by-hole/,http://www.fawnlakecc.com/,Hole By Hole
NC,Washington Duke Inn & Golf Club,ChIJjekZ4L7mrIkRHAVBJHEa9DU,https://maps.google.com/?cid=3887761451569448220&g_mp=CiVnb29nbGUubWFwcy5wbGFjZXMudjEuUGxhY2VzLkdldFBsYWNlEAIYBCAA,http://www.washingtondukeinn.com/,"3001 Cameron Blvd, Durham, NC 27705, USA",35.9928204,-78.9474455,(919) 490-0999,,,
VA,Chester River Yacht & Country Club,ChIJk-y-zS6Lx4kRZXLSlMHkM9M,https://maps.google.com/?cid=15218759085891678821&g_mp=CiVnb29nbGUubWFwcy5wbGFjZXMudjEuUGxhY2VzLkdldFBsYWNlEAIYBCAA,http://www.crycc.org/,"7738 Quaker Neck Rd, Chestertown, MD 21620, USA",39.1898002,-76.07373799999999,(410) 778-3818,,,
NC,University Golf Course,ChIJk9PbGkZs9ogRiveyqomAwKI,https://maps.google.com/?cid=11727514758435501962&g_mp=CiVnb29nbGUubWFwcy5wbGFjZXMudjEuUGxhY2VzLkdldFBsYWNlEAIYBCAA,https://golfcourse.uga.edu/,"2600 Riverbend Rd, Athens, GA 30605, USA",33.9154498,-83.37194,(706) 369-5739,https://golfcourse.uga.edu/play/tools/scorecard/,https://golfcourse.uga.edu/,Scorecard
NC,La Follette Country Club,ChIJkZlnUvxZXIgRIL92tLOs6g0,https://maps.google.com/?cid=1002803754870161184&g_mp=CiVnb29nbGUubWFwcy5wbGFjZXMudjEuUGxhY2VzLkdldFBsYWNlEAIYBCAA,http://www.lafollettetngolf.com/,"317 Country Club Rd, LaFollette, TN 37766, USA",36.3849945,-84.1001663,(423) 562-9130,https://www.lafollettetngolf.com/course/scorecard/,http://www.lafollettetngolf.com/,Scorecard
NC,Finley Golf Club,ChIJl29IVILCrIkRpLpGc6we0jI,https://maps.google.com/?cid=3662023173022857892&g_mp=CiVnb29nbGUubWFwcy5wbGFjZXMudjEuUGxhY2VzLkdldFBsYWNlEAIYBCAA,http://www.finleygolfclub.com/,"500 Finley Golf Course Rd, Chapel Hill, NC 27514, USA",35.8969988,-79.0220922,(919) 962-2349,,,
VA,Royal New Kent Golf Course,ChIJl2N7nw3lsIkRh2-tpJ6DVCU,https://maps.google.com/?cid=2689919594837929863&g_mp=CiVnb29nbGUubWFwcy5wbGFjZXMudjEuUGxhY2VzLkdldFBsYWNlEAIYBCAA,,"New Kent County, VA 23140, USA",37.4739705,-77.0151118,,,,
NC,Patriot Hills Golf Club,ChIJlUfmaz7zW4gRwVpI6egb-jE,https://maps.google.com/?cid=3601221539196328641&g_mp=CiVnb29nbGUubWFwcy5wbGFjZXMudjEuUGxhY2VzLkdldFBsYWNlEAIYBCAA,http://www.patriothillsgolf.com/,"735 Constitution Dr, Jefferson City, TN 37760, USA",36.0602289,-83.4789663,(865) 475-4466,https://www.patriothillsgolf.com/aboutus/,http://www.patriothillsgolf.com/,Course Info / Scorecard
NC,Bays Mountain Golf Club,ChIJlW1oq__wWogRklNyPuaHxmE,https://maps.google.com/?cid=7045468090027627410&g_mp=CiVnb29nbGUubWFwcy5wbGFjZXMudjEuUGxhY2VzLkdldFBsYWNlEAIYBCAA,https://www.facebook.com/BaysMountainGolfClub/,"450 Silver Lake Rd, Church Hill, TN 37642, USA",36.5129976,-82.6931966,(423) 256-3777,,,
NC,Morristown Golf & Country Club,ChIJlY4Gx8OWW4gR0ql713DuKy8,https://maps.google.com/?cid=3399072512200124882&g_mp=CiVnb29nbGUubWFwcy5wbGFjZXMudjEuUGxhY2VzLkdldFBsYWNlEAIYBCAA,,"1180 Valley Home Rd, Morristown, TN 37813, USA",36.1918861,-83.3182928,(423) 586-9953,,,
NC,Old Chatham Golf Club,ChIJlZpllFLprIkRTMO0I8QJ6-4,https://maps.google.com/?cid=17215864738571141964&g_mp=CiVnb29nbGUubWFwcy5wbGFjZXMudjEuUGxhY2VzLkdldFBsYWNlEAIYBCAA,http://www.oldchathamgolf.org/,"1480 O'Kelly Chapel Rd, Durham, NC 27713, USA",35.8429043,-78.9328462,(919) 361-1400,,,
NC,River Falls Plantation,ChIJld9h13ODV4gRQf6oi5UK9aw,https://maps.google.com/?cid=12462879181227228737&g_mp=CiVnb29nbGUubWFwcy5wbGFjZXMudjEuUGxhY2VzLkdldFBsYWNlEAIYBCAA,http://www.riverfallsgolf.com/,"100 Player Blvd, Duncan, SC 29334, USA",34.8859062,-82.0760803,(864) 433-9192,,,
NC,Eagle Point Golf Maintenance,ChIJm85b1neNqYkRtu1snuNyBPc,https://maps.google.com/?cid=17799477949216124342&g_mp=CiVnb29nbGUubWFwcy5wbGFjZXMudjEuUGxhY2VzLkdldFBsYWNlEAIYBCAA,,"1350 Porters Neck Rd, Wilmington, NC 28411, USA",34.2902495,-77.76043659999999,(910) 686-7143,,,
VA,Gore FORE Virtual Sports Suite,ChIJmYgpomNpSogRaof1Ie-4Smo,https://maps.google.com/?cid=7659137453503383402&g_mp=CiVnb29nbGUubWFwcy5wbGFjZXMudjEuUGxhY2VzLkdldFBsYWNlEAIYBCAA,https://www.goreforevirtualsportssuite.com/,"120 S 2nd St, Clarksburg, WV 26301, USA",39.2796737,-80.3379125,(304) 709-7620,,,
VA,Dinaldo's Sunny Croft Bistro,ChIJmcjaR-FBSogRqvRY8s9meJw,https://maps.google.com/?cid=11274874710432216234&g_mp=CiVnb29nbGUubWFwcy5wbGFjZXMudjEuUGxhY2VzLkdldFBsYWNlEAIYBCAA,,"Co Rte 19/68, Clarksburg, WV 26301, USA",39.2598602,-80.3868136,(304) 624-4421,,,
NC,StorLogics Golf Simulator,ChIJn1xrO673qYkRrxbF0rDYpPA,https://maps.google.com/?cid=17340222719245227695&g_mp=CiVnb29nbGUubWFwcy5wbGFjZXMudjEuUGxhY2VzLkdldFBsYWNlEAIYBCAA,,"3829 Carolina Beach Rd #3039, Wilmington, NC 28412, USA",34.1749193,-77.9237403,(910) 620-9564,,,
NC,The Country Club of Whispering Pines,ChIJncn9mE5Nq4kRDK6U7ocWjaA,https://maps.google.com/?cid=11568927790863789580&g_mp=CiVnb29nbGUubWFwcy5wbGFjZXMudjEuUGxhY2VzLkdldFBsYWNlEAIYBCAA,http://countryclubofwhisperingpines.com/,"2 Clubhouse Blvd, Whispering Pines, NC 28327, USA",35.260336699999996,-79.37606819999999,(910) 949-3000,,,
NC,Pickens Golf Club,ChIJoRD8_Q1PWIgRa14sqWFwm9w,https://maps.google.com/?cid=15896422874486693483&g_mp=CiVnb29nbGUubWFwcy5wbGFjZXMudjEuUGxhY2VzLkdldFBsYWNlEAIYBCAA,http://www.pickensgolfclub.com/,"1018 State Rd S-39-204, Pickens, SC 29671, USA",34.8476084,-82.682043,(864) 878-6083,https://www.pickensgolfclub.com/scorecard/,http://www.pickensgolfclub.com/,Club Scorecard
VA,The Green Course at Golden Horseshoe Golf Club,ChIJoUsweKyJsIkRkdzQjG_R6gE,https://maps.google.com/?cid=138153015622294673&g_mp=CiVnb29nbGUubWFwcy5wbGFjZXMudjEuUGxhY2VzLkdldFBsYWNlEAIYBCAA,https://www.colonialwilliamsburghotels.com/golf/green-course/?utm_source=google-gbp&utm_medium=organic&utm_campaign=gbp,"651 S England St, Williamsburg, VA 23185, USA",37.2553403,-76.691677,(757) 220-7696,,,
NC,The Bogey Brothers,ChIJp9FUK-tdq4kRMb_oZNJgn4k,https://maps.google.com/?cid=9916751361245495089&g_mp=CiVnb29nbGUubWFwcy5wbGFjZXMudjEuUGxhY2VzLkdldFBsYWNlEAIYBCAA,https://thebogeybrothers.com/,"2646 NC-87, Cameron, NC 28326, USA",35.2457761,-79.0257022,(919) 343-1507,,,
,Wetlands Golf Course,ChIJpVbhoOHDx4kRtoDigbTBE5U,https://maps.google.com/?cid=10742142517226143926&g_mp=CiVnb29nbGUubWFwcy5wbGFjZXMudjEuUGxhY2VzLkdldFBsYWNlEAIYBCAA,http://www.golfwetlands.com/,"740 Gilbert Rd, Aberdeen, MD 21001, USA",39.545148399999995,-76.1806332,(410) 273-7488,,,
NC,Stone Creek Cove Golf Course,ChIJpZinRkJ7WIgRyrLAgtSO2xE,https://maps.google.com/?cid=1286779161922286282&g_mp=CiVnb29nbGUubWFwcy5wbGFjZXMudjEuUGxhY2VzLkdldFBsYWNlEAIYBCAA,https://stonecreekcove.com/,"101 Lakefront Dr, Anderson, SC 29626, USA",34.4532021,-82.80699299999999,(864) 261-0888,,,
VA,Hamptons Golf Course,ChIJp_1wz6uDuokRO1CdTO_5mgs,https://maps.google.com/?cid=836255487008526395&g_mp=CiVnb29nbGUubWFwcy5wbGFjZXMudjEuUGxhY2VzLkdldFBsYWNlEAIYBCAA,https://hampton.gov/335/The-Hamptons,"320 Butler Farm Rd, Hampton, VA 23666, USA",37.0661195,-76.4030034,(757) 766-9148,,,
NC,Golf Course,ChIJq6pqVcMIU4gRX5YdKpN_2Mg,https://maps.google.com/?cid=14472457672598591071&g_mp=CiVnb29nbGUubWFwcy5wbGFjZXMudjEuUGxhY2VzLkdldFBsYWNlEAIYBCAA,,"Old Winston Rd, High Point, NC 27262, USA",35.9881844,-80.02563380000001,,,,
,Links At Lakewood Golf Course,ChIJqUviRXds_4gRvQ97hf50xBY,https://maps.google.com/?cid=1640564800779653053&g_mp=CiVnb29nbGUubWFwcy5wbGFjZXMudjEuUGxhY2VzLkdldFBsYWNlEAIYBCAA,http://links-golf-course.poi.place/,"3600 Green View Pkwy, Sumter, SC 29150, USA",33.8309968,-80.3634131,(803) 481-5700,,,
NC,Golf at Grandover Resort,ChIJqyfWBmQQU4gR5MWbWEPSq9A,https://maps.google.com/?cid=15036342967597778404&g_mp=CiVnb29nbGUubWFwcy5wbGFjZXMudjEuUGxhY2VzLkdldFBsYWNlEAIYBCAA,https://grandoverresort.com/golf/,"1000 Club Rd, Greensboro, NC 27407, USA",35.992668099999996,-79.880783,(336) 323-3838,,,
VA,Beaver Creek Golf Course,ChIJr5qecx2bUogRs3W0i2Zezs8,https://maps.google.com/?cid=14974009605577012659&g_mp=CiVnb29nbGUubWFwcy5wbGFjZXMudjEuUGxhY2VzLkdldFBsYWNlEAIYBCAA,https://www.facebook.com/groups/beavercreekgolfmartinsville,"325 Beaver Hills Club Rd, Martinsville, VA 24112, USA",36.738974,-79.888064,(276) 340-0412,,,
NC,The Carolina Club,ChIJr61hgtckpYkRBefnt_f6NcA,https://maps.google.com/?cid=13850252170897123077&g_mp=CiVnb29nbGUubWFwcy5wbGFjZXMudjEuUGxhY2VzLkdldFBsYWNlEAIYBCAA,https://www.thecarolinaclub.com/,"127 Carolina Club Dr, Grandy, NC 27939, USA",36.2425189,-75.8854942,(252) 453-3588,https://www.thecarolinaclub.com/scorecard,https://www.thecarolinaclub.com/,Scorecard
NC,The Tee Box,ChIJrRPPeQCXW4gRR-ifGHefsH0,https://maps.google.com/?cid=9056914184505124935&g_mp=CiVnb29nbGUubWFwcy5wbGFjZXMudjEuUGxhY2VzLkdldFBsYWNlEAIYBCAA,,"224 N Fairmont Ave, Morristown, TN 37814, USA",36.2084993,-83.3072067,(423) 353-4007,,,
NC,The Georgia Club Village,ChIJs4hM83919ogRZasK41JVp-k,https://maps.google.com/?cid=16836519546432695141&g_mp=CiVnb29nbGUubWFwcy5wbGFjZXMudjEuUGxhY2VzLkdldFBsYWNlEAIYBCAA,,"828 Commons Park, Statham, GA 30666, USA",33.942543,-83.590665,(678) 500-8156,,,
NC,Willow Creek POA,ChIJs6Xao2yGV4gRXPKmmF6GPsE,https://maps.google.com/?cid=13924714838722277980&g_mp=CiVnb29nbGUubWFwcy5wbGFjZXMudjEuUGxhY2VzLkdldFBsYWNlEAIYBCAA,https://willowcreeklifestyle.com/,"203 Sandy Run Dr, Greer, SC 29651, USA",34.80835,-82.143785,(864) 476-8979,,,
NC,Mountain Harbour Golf Club,ChIJs8DmbSUoX4gRIYoo6s5Abxw,https://maps.google.com/?cid=2048927612912831009&g_mp=CiVnb29nbGUubWFwcy5wbGFjZXMudjEuUGxhY2VzLkdldFBsYWNlEAIYBCAA,http://www.mountainharbourgolfclub.com/,"1665 Mountain Harbour Dr, Hayesville, NC 28904, USA",35.0434955,-83.7322441,(828) 389-9000,,,
VA,Golden Horseshoe Golf Club,ChIJsSNMMJuJsIkRht6n8_JCdAU,https://maps.google.com/?cid=393012678725459590&g_mp=CiVnb29nbGUubWFwcy5wbGFjZXMudjEuUGxhY2VzLkdldFBsYWNlEAIYBCAA,http://colonialwilliamsburghotels.com/golf/?utm_source=google-gbp&utm_medium=organic&utm_campaign=gbp,"401 S England St, Williamsburg, VA 23185, USA",37.267643,-76.6991814,(800) 648-6653,,,
NC,"The Back Nine Golf | Greenville, SC",ChIJsSWlTPApWIgRO3sFGJilVKY,https://maps.google.com/?cid=11985386580996356923&g_mp=CiVnb29nbGUubWFwcy5wbGFjZXMudjEuUGxhY2VzLkdldFBsYWNlEAIYBCAA,https://thebackninegolf.com/greenville-sc/,"23 Milestone Plaza #23, Greer, SC 29650, USA",34.8615138,-82.2687275,(864) 342-6463,,,
NC,Winding Creek Golf Course,ChIJsd22n-KfU4gRaquW6byxDR0,https://maps.google.com/?cid=2093524826728082282&g_mp=CiVnb29nbGUubWFwcy5wbGFjZXMudjEuUGxhY2VzLkdldFBsYWNlEAIYBCAA,http://windingcreekgolf.com/,"72 Winding Creek Rd, Thomasville, NC 27360, USA",35.9014372,-80.0998457,(336) 475-5580,,,
NC,Castle Bay Links Golf Course,ChIJt8DGo2SQqYkRZnDzcsV3DDs,https://maps.google.com/?cid=4254907437879095398&g_mp=CiVnb29nbGUubWFwcy5wbGFjZXMudjEuUGxhY2VzLkdldFBsYWNlEAIYBCAA,https://www.playcastlebay.com/,"107 Links Ct, Hampstead, NC 28443, USA",34.404392,-77.705575,(910) 270-1978,,,
NC,Cape Fear Country Club,ChIJtYtf-IL1qYkRNFd5IwbUj0g,https://maps.google.com/?cid=5228630815230482228&g_mp=CiVnb29nbGUubWFwcy5wbGFjZXMudjEuUGxhY2VzLkdldFBsYWNlEAIYBCAA,https://www.capefearcountryclub.net/,"1518 Country Club Rd, Wilmington, NC 28403, USA",34.2201126,-77.917819,(910) 762-4751,,,
NC,Chatuge Shores Golf Course,ChIJtz9UCfEmX4gRWt-dstEgb3s,https://maps.google.com/?cid=8894363874096963418&g_mp=CiVnb29nbGUubWFwcy5wbGFjZXMudjEuUGxhY2VzLkdldFBsYWNlEAIYBCAA,http://www.chatugeshoresgolf.com/,"260 Golf Course Rd, Hayesville, NC 28904, USA",34.998677,-83.81251100000001,(828) 389-8940,http://www.chatugeshoresgolf.com/Accommodations-.html,http://www.chatugeshoresgolf.com/,Scorecard
VA,Pete Dye River Course Maintenance,ChIJu2FkojzsTYgRb2fWfqA4O-k,https://maps.google.com/?cid=16806088696437041007&g_mp=CiVnb29nbGUubWFwcy5wbGFjZXMudjEuUGxhY2VzLkdldFBsYWNlEAIYBCAA,,"6340 Herons Landing Dr, Radford, VA 24141, USA",37.147788999999996,-80.5309448,,,,
VA,Pete Dye River Course of Virginia Tech,ChIJu8JBSj3sTYgRqVWs6ycTFcE,https://maps.google.com/?cid=13913047686009607593&g_mp=CiVnb29nbGUubWFwcy5wbGFjZXMudjEuUGxhY2VzLkdldFBsYWNlEAIYBCAA,http://www.petedyerivercourse.com/?&utm_source=GoogleMyBusiness&utm_medium=organic&utm_campaign=GMB&utm_term=pete,"8400 River Course Dr, Radford, VA 24141, USA",37.151772,-80.529748,(540) 633-6732,,,
VA,Jimstown Social Club,ChIJuXEqSZ-Mx4kRccpKchG4ujU,https://maps.google.com/?cid=3871609214749821553&g_mp=CiVnb29nbGUubWFwcy5wbGFjZXMudjEuUGxhY2VzLkdldFBsYWNlEAIYBCAA,,"122 Jimstown Cir, Chestertown, MD 21620, USA",39.226656999999996,-76.061295,(410) 778-4641,,,
NC,Crystal Lakes Golf Course,ChIJuYBg9PZl_4gRHrh8q2mBLD4,https://maps.google.com/?cid=4480098020175427614&g_mp=CiVnb29nbGUubWFwcy5wbGFjZXMudjEuUGxhY2VzLkdldFBsYWNlEAIYBCAA,https://www.sumtercountysc.org/departments/j_-_r/recreation_and_parks/crystal_lakes_golf_course.php,"1305 Clara Louise Kellogg Dr, Sumter, SC 29153, USA",33.95491930000001,-80.3508992,(803) 775-1902,,,
VA,The Club at Viniterra,ChIJv1Gf-yLnsIkR52haceS13WE,https://maps.google.com/?cid=7051992584290986215&g_mp=CiVnb29nbGUubWFwcy5wbGFjZXMudjEuUGxhY2VzLkdldFBsYWNlEAIYBCAA,http://www.viniterragolf.com/,"8647 Angel's Share Dr, New Kent, VA 23124, USA",37.5316926,-77.0757051,(804) 932-3888,https://www.viniterragolf.com/scorecard/,http://www.viniterragolf.com/,Scorecard
NC,Blackthorn Club at The Ridges,ChIJv9qkvTxiWogR5fc4uzTQKGs,https://maps.google.com/?cid=7721650486024665061&g_mp=CiVnb29nbGUubWFwcy5wbGFjZXMudjEuUGxhY2VzLkdldFBsYWNlEAIYBCAA,https://www.blackthornclub.com/,"1501 Ridges Club Dr, Jonesborough, TN 37659, USA",36.346347,-82.4652911,(423) 913-3164,,,
NC,Currituck Golf Course,ChIJvUSj6qovpYkR2TDv8alRNu8,https://maps.google.com/?cid=17237054414157459673&g_mp=CiVnb29nbGUubWFwcy5wbGFjZXMudjEuUGxhY2VzLkdldFBsYWNlEAIYBCAA,https://www.invitedclubs.com/clubs/the-currituck-club,"1017 Ocean Trail, Corolla, NC 27927, USA",36.3005683,-75.8064888,,,,
NC,Balsam Mountain Preserve maintenance,ChIJvZiDwDNtWYgRCRtdA6slyiA,https://maps.google.com/?cid=2362742370935315209&g_mp=CiVnb29nbGUubWFwcy5wbGFjZXMudjEuUGxhY2VzLkdldFBsYWNlEAIYBCAA,,"2358 High Climber Wy, Sylva, NC 28779, USA",35.375344,-83.122811,,,,
NC,Olde Point Golf Course Maintenance,ChIJw-dtqcOQqYkRT_bOIxU7dJ4,https://maps.google.com/?cid=11417815917272168015&g_mp=CiVnb29nbGUubWFwcy5wbGFjZXMudjEuUGxhY2VzLkdldFBsYWNlEAIYBCAA,http://www.oldepointgolf.com/index.htm,"771 Country Club Dr, Hampstead, NC 28443, USA",34.383327699999995,-77.673234,(910) 270-2584,,,
NC,Birdie's Indoor Golf Club,ChIJw0dmWtyZqYkRE5-qkGxr6rk,https://maps.google.com/?cid=13396638155594702611&g_mp=CiVnb29nbGUubWFwcy5wbGFjZXMudjEuUGxhY2VzLkdldFBsYWNlEAIYBCAA,https://www.birdiesindoorgolfclub.com/?utm_source=google&utm_medium=wix_google_business_profile&utm_campaign=1329679066451519257,"400 Alston Blvd Ext Unit D, Hampstead, NC 28443, USA",34.4518059,-77.6015628,(910) 634-6539,,,
NC,Asheboro Municipal Golf Course,ChIJw9xeBc9oU4gRUyF4fTAxAdo,https://maps.google.com/?cid=15708891059578216787&g_mp=CiVnb29nbGUubWFwcy5wbGFjZXMudjEuUGxhY2VzLkdldFBsYWNlEAIYBCAA,https://asheborocrs.recdesk.com/Community/Page?pageId=7767,"421 Country Club Dr, Asheboro, NC 27205, USA",35.6867125,-79.8198172,(336) 625-4158,https://asheborocrs.recdesk.com/RecDeskPortal/Portals/178/Disc_Golf_Score_Card.pdf,https://asheborocrs.recdesk.com/Community/Page?pageId=7767,Scorecard
VA,The Pines Golf Course,ChIJwQq6N4Z8sIkRktBOMXiZagM,https://maps.google.com/?cid=246177871147487378&g_mp=CiVnb29nbGUubWFwcy5wbGFjZXMudjEuUGxhY2VzLkdldFBsYWNlEAIYBCAA,https://jble-eustismwr.com/golf,"3518 Mulberry Island Rd, Newport News, VA 23604, USA",37.1404317,-76.60051519999999,(757) 878-2252,,,
NC,The Georgia Club Turf Management Shop,ChIJwTaB6uN19ogRd8flTaBSV7w,https://maps.google.com/?cid=13571406850559428471&g_mp=CiVnb29nbGUubWFwcy5wbGFjZXMudjEuUGxhY2VzLkdldFBsYWNlEAIYBCAA,,"Statham, GA 30666, USA",33.945257,-83.58940969999999,,,,
NC,CORE Golf,ChIJwTmgbQg5q4kR8qLXk_R2Lcw,https://maps.google.com/?cid=14712546350513758962&g_mp=CiVnb29nbGUubWFwcy5wbGFjZXMudjEuUGxhY2VzLkdldFBsYWNlEAIYBCAA,https://coregolfnc.com/,"222 CrossFit Lane, Raeford, NC 28376, USA",35.0299171,-79.12380929999999,(472) 234-5465,,,
VA,Stonewall Resort,ChIJwxcLlgU1SogRXr8DpfmMl0Q,https://maps.google.com/?cid=4942574119905640286&g_mp=CiVnb29nbGUubWFwcy5wbGFjZXMudjEuUGxhY2VzLkdldFBsYWNlEAIYBCAA,http://www.stonewallresort.com/?&utm_source=GoogleMyBusiness&utm_medium=organic&utm_campaign=GMB&utm_term=STON,"940 Resort Dr, Roanoke, WV 26447, USA",38.9495071,-80.49269989999999,(304) 269-7400,,,
VA,Augustine Golf Club,ChIJxRpEdtTttokRaw1olKd17jc,https://maps.google.com/?cid=4030288079153007979&g_mp=CiVnb29nbGUubWFwcy5wbGFjZXMudjEuUGxhY2VzLkdldFBsYWNlEAIYBCAA,https://www.golfaugustine.com/,"76 Monument Dr, Stafford, VA 22554, USA",38.443566499999996,-77.4767945,(540) 720-7374,,,
NC,Tot Hill Farm Golf Club,ChIJxUCIcDplU4gRtBnKQv6w68A,https://maps.google.com/?cid=13901399280897890740&g_mp=CiVnb29nbGUubWFwcy5wbGFjZXMudjEuUGxhY2VzLkdldFBsYWNlEAIYBCAA,http://www.tothillfarm.com/,"3185 Tot Hill Farm Rd, Asheboro, NC 27205, USA",35.6349334,-79.90756979999999,(336) 857-4455,https://tothillfarm.com/scorecard/,http://www.tothillfarm.com/,Scorecard
NC,King's Grant Golf & Country Club,ChIJxZE3FX5uq4kRax0AbzitZbk,https://maps.google.com/?cid=13359274327556496747&g_mp=CiVnb29nbGUubWFwcy5wbGFjZXMudjEuUGxhY2VzLkdldFBsYWNlEAIYBCAA,http://kingsgrantgolfcc.com/,"347 Shawcroft Rd, Fayetteville, NC 28311, USA",35.144915999999995,-78.882181,(910) 630-1111,,,
NC,Saluda Valley Country Club,ChIJy98enoMVWIgRi_GrC5RTD_I,https://maps.google.com/?cid=17442251777145303435&g_mp=CiVnb29nbGUubWFwcy5wbGFjZXMudjEuUGxhY2VzLkdldFBsYWNlEAIYBCAA,http://saludavalleycc.com/,"598 Beaverdam Rd, Williamston, SC 29697, USA",34.6231058,-82.5170711,(864) 847-7102,,,
NC,The Club House,ChIJyR9PPXp1V4gR2F6fcQucsjk,https://maps.google.com/?cid=4157556978981232344&g_mp=CiVnb29nbGUubWFwcy5wbGFjZXMudjEuUGxhY2VzLkdldFBsYWNlEAIYBCAA,https://122clubhouse.com/,"122 S Liberty St, Spartanburg, SC 29306, USA",34.9495512,-81.92934000000001,(864) 606-9192,,,
NC,Nichols Realty,ChIJzfkzFW_zqYkRIQUNlZ80Ihk,https://maps.google.com/?cid=1811067860161463585&g_mp=CiVnb29nbGUubWFwcy5wbGFjZXMudjEuUGxhY2VzLkdldFBsYWNlEAIYBCAA,http://www.sellingcoastalproperty.com/,"800 Sun Runner Pl, Wilmington, NC 28405, USA",34.245262,-77.8064384,(910) 620-6925,,,
